GEO.id,GEO.id2,GEO.display-label,HD01_VD01,HD02_VD01
1400000US36081000100,36081000100,"Census Tract 1, Queens County, New York",122178,10026
1400000US36081000200,36081000200,"Census Tract 2, Queens County, New York",55932,9732
1400000US36081000400,36081000400,"Census Tract 4, Queens County, New York",55268,15684
1400000US36081000600,36081000600,"Census Tract 6, Queens County, New York",53734,6866
1400000US36081000700,36081000700,"Census Tract 7, Queens County, New York",72344,22183
1400000US36081000800,36081000800,"Census Tract 8, Queens County, New York",63482,12830
1400000US36081001000,36081001000,"Census Tract 10, Queens County, New York",58750,23363
1400000US36081001200,36081001200,"Census Tract 12, Queens County, New York",56250,14466
1400000US36081001400,36081001400,"Census Tract 14, Queens County, New York",64545,9769
1400000US36081001600,36081001600,"Census Tract 16, Queens County, New York",45108,15413
1400000US36081001800,36081001800,"Census Tract 18, Queens County, New York",55776,14324
1400000US36081001900,36081001900,"Census Tract 19, Queens County, New York",75694,27555
1400000US36081002000,36081002000,"Census Tract 20, Queens County, New York",58009,21062
1400000US36081002200,36081002200,"Census Tract 22, Queens County, New York",60882,26299
1400000US36081002400,36081002400,"Census Tract 24, Queens County, New York",80194,21449
1400000US36081002500,36081002500,"Census Tract 25, Queens County, New York",20765,2339
1400000US36081002600,36081002600,"Census Tract 26, Queens County, New York",91473,14869
1400000US36081002800,36081002800,"Census Tract 28, Queens County, New York",61250,15305
1400000US36081003000,36081003000,"Census Tract 30, Queens County, New York",79323,25115
1400000US36081003100,36081003100,"Census Tract 31, Queens County, New York",56750,14357
1400000US36081003200,36081003200,"Census Tract 32, Queens County, New York",76450,8787
1400000US36081003300,36081003300,"Census Tract 33, Queens County, New York",44152,16109
1400000US36081003400,36081003400,"Census Tract 34, Queens County, New York",56548,27009
1400000US36081003600,36081003600,"Census Tract 36, Queens County, New York",56977,12043
1400000US36081003700,36081003700,"Census Tract 37, Queens County, New York",-,**
1400000US36081003800,36081003800,"Census Tract 38, Queens County, New York",49069,11794
1400000US36081003900,36081003900,"Census Tract 39, Queens County, New York",31964,9424
1400000US36081004001,36081004001,"Census Tract 40.01, Queens County, New York",52344,14833
1400000US36081004002,36081004002,"Census Tract 40.02, Queens County, New York",63281,50620
1400000US36081004200,36081004200,"Census Tract 42, Queens County, New York",55833,12279
1400000US36081004300,36081004300,"Census Tract 43, Queens County, New York",14844,6580
1400000US36081004401,36081004401,"Census Tract 44.01, Queens County, New York",52762,8766
1400000US36081004500,36081004500,"Census Tract 45, Queens County, New York",76576,13049
1400000US36081004700,36081004700,"Census Tract 47, Queens County, New York",30714,10191
1400000US36081005000,36081005000,"Census Tract 50, Queens County, New York",-,**
1400000US36081005100,36081005100,"Census Tract 51, Queens County, New York",42746,3675
1400000US36081005200,36081005200,"Census Tract 52, Queens County, New York",53438,11290
1400000US36081005300,36081005300,"Census Tract 53, Queens County, New York",54391,10346
1400000US36081005400,36081005400,"Census Tract 54, Queens County, New York",54309,10594
1400000US36081005500,36081005500,"Census Tract 55, Queens County, New York",54728,10162
1400000US36081005700,36081005700,"Census Tract 57, Queens County, New York",52427,11491
1400000US36081005800,36081005800,"Census Tract 58, Queens County, New York",67394,8614
1400000US36081005900,36081005900,"Census Tract 59, Queens County, New York",64535,5809
1400000US36081006100,36081006100,"Census Tract 61, Queens County, New York",54319,6271
1400000US36081006201,36081006201,"Census Tract 62.01, Queens County, New York",56563,9645
1400000US36081006202,36081006202,"Census Tract 62.02, Queens County, New York",55154,8086
1400000US36081006300,36081006300,"Census Tract 63, Queens County, New York",52606,9288
1400000US36081006501,36081006501,"Census Tract 65.01, Queens County, New York",56693,5548
1400000US36081006502,36081006502,"Census Tract 65.02, Queens County, New York",63380,11413
1400000US36081006900,36081006900,"Census Tract 69, Queens County, New York",40361,6043
1400000US36081007100,36081007100,"Census Tract 71, Queens County, New York",48348,8435
1400000US36081007300,36081007300,"Census Tract 73, Queens County, New York",62930,12238
1400000US36081007500,36081007500,"Census Tract 75, Queens County, New York",45163,10887
1400000US36081007700,36081007700,"Census Tract 77, Queens County, New York",91544,20639
1400000US36081007900,36081007900,"Census Tract 79, Queens County, New York",37813,11994
1400000US36081008100,36081008100,"Census Tract 81, Queens County, New York",55521,13960
1400000US36081008300,36081008300,"Census Tract 83, Queens County, New York",46389,10649
1400000US36081008500,36081008500,"Census Tract 85, Queens County, New York",45000,21672
1400000US36081008600,36081008600,"Census Tract 86, Queens County, New York",63182,18184
1400000US36081008700,36081008700,"Census Tract 87, Queens County, New York",22558,4783
1400000US36081008800,36081008800,"Census Tract 88, Queens County, New York",78135,9483
1400000US36081009100,36081009100,"Census Tract 91, Queens County, New York",69638,12032
1400000US36081009400,36081009400,"Census Tract 94, Queens County, New York",51786,12810
1400000US36081009500,36081009500,"Census Tract 95, Queens County, New York",57540,6109
1400000US36081009600,36081009600,"Census Tract 96, Queens County, New York",53504,7754
1400000US36081009700,36081009700,"Census Tract 97, Queens County, New York",66960,12063
1400000US36081009800,36081009800,"Census Tract 98, Queens County, New York",62898,12757
1400000US36081009900,36081009900,"Census Tract 99, Queens County, New York",-,**
1400000US36081010000,36081010000,"Census Tract 100, Queens County, New York",79327,24517
1400000US36081010100,36081010100,"Census Tract 101, Queens County, New York",53500,7688
1400000US36081010200,36081010200,"Census Tract 102, Queens County, New York",55474,8035
1400000US36081010300,36081010300,"Census Tract 103, Queens County, New York",50261,5105
1400000US36081010400,36081010400,"Census Tract 104, Queens County, New York",61027,15356
1400000US36081010500,36081010500,"Census Tract 105, Queens County, New York",48269,5496
1400000US36081010600,36081010600,"Census Tract 106, Queens County, New York",57200,13573
1400000US36081010701,36081010701,"Census Tract 107.01, Queens County, New York",-,**
1400000US36081010800,36081010800,"Census Tract 108, Queens County, New York",52022,6378
1400000US36081011000,36081011000,"Census Tract 110, Queens County, New York",48859,10118
1400000US36081011100,36081011100,"Census Tract 111, Queens County, New York",83080,19428
1400000US36081011200,36081011200,"Census Tract 112, Queens County, New York",44531,13696
1400000US36081011300,36081011300,"Census Tract 113, Queens County, New York",60764,10323
1400000US36081011400,36081011400,"Census Tract 114, Queens County, New York",42176,41171
1400000US36081011500,36081011500,"Census Tract 115, Queens County, New York",49384,5574
1400000US36081011600,36081011600,"Census Tract 116, Queens County, New York",52813,18248
1400000US36081011700,36081011700,"Census Tract 117, Queens County, New York",66269,7473
1400000US36081011800,36081011800,"Census Tract 118, Queens County, New York",49146,12370
1400000US36081011900,36081011900,"Census Tract 119, Queens County, New York",55387,8302
1400000US36081012000,36081012000,"Census Tract 120, Queens County, New York",68836,20692
1400000US36081012100,36081012100,"Census Tract 121, Queens County, New York",62788,15702
1400000US36081012200,36081012200,"Census Tract 122, Queens County, New York",48925,13480
1400000US36081012301,36081012301,"Census Tract 123.01, Queens County, New York",65045,11143
1400000US36081012400,36081012400,"Census Tract 124, Queens County, New York",53083,13340
1400000US36081012500,36081012500,"Census Tract 125, Queens County, New York",56125,8068
1400000US36081012601,36081012601,"Census Tract 126.01, Queens County, New York",57744,5896
1400000US36081012602,36081012602,"Census Tract 126.02, Queens County, New York",57083,10457
1400000US36081012800,36081012800,"Census Tract 128, Queens County, New York",59018,11280
1400000US36081013000,36081013000,"Census Tract 130, Queens County, New York",90536,45275
1400000US36081013200,36081013200,"Census Tract 132, Queens County, New York",67283,13919
1400000US36081013400,36081013400,"Census Tract 134, Queens County, New York",59160,8072
1400000US36081013500,36081013500,"Census Tract 135, Queens County, New York",59615,8090
1400000US36081013600,36081013600,"Census Tract 136, Queens County, New York",50625,20003
1400000US36081013700,36081013700,"Census Tract 137, Queens County, New York",50852,4378
1400000US36081013800,36081013800,"Census Tract 138, Queens County, New York",50590,4482
1400000US36081014000,36081014000,"Census Tract 140, Queens County, New York",65481,17684
1400000US36081014100,36081014100,"Census Tract 141, Queens County, New York",58029,15011
1400000US36081014201,36081014201,"Census Tract 142.01, Queens County, New York",56429,9388
1400000US36081014202,36081014202,"Census Tract 142.02, Queens County, New York",50094,15493
1400000US36081014300,36081014300,"Census Tract 143, Queens County, New York",55938,7963
1400000US36081014400,36081014400,"Census Tract 144, Queens County, New York",57139,3423
1400000US36081014500,36081014500,"Census Tract 145, Queens County, New York",59205,18872
1400000US36081014700,36081014700,"Census Tract 147, Queens County, New York",51131,10240
1400000US36081014800,36081014800,"Census Tract 148, Queens County, New York",57982,11301
1400000US36081014900,36081014900,"Census Tract 149, Queens County, New York",61719,25183
1400000US36081015000,36081015000,"Census Tract 150, Queens County, New York",71917,20604
1400000US36081015100,36081015100,"Census Tract 151, Queens County, New York",58021,7158
1400000US36081015200,36081015200,"Census Tract 152, Queens County, New York",57065,27281
1400000US36081015300,36081015300,"Census Tract 153, Queens County, New York",58462,6869
1400000US36081015400,36081015400,"Census Tract 154, Queens County, New York",43500,23248
1400000US36081015500,36081015500,"Census Tract 155, Queens County, New York",65625,17866
1400000US36081015600,36081015600,"Census Tract 156, Queens County, New York",63355,25547
1400000US36081015700,36081015700,"Census Tract 157, Queens County, New York",43964,5536
1400000US36081015801,36081015801,"Census Tract 158.01, Queens County, New York",48767,11674
1400000US36081015802,36081015802,"Census Tract 158.02, Queens County, New York",60436,21961
1400000US36081015900,36081015900,"Census Tract 159, Queens County, New York",43583,6979
1400000US36081016100,36081016100,"Census Tract 161, Queens County, New York",54071,12082
1400000US36081016300,36081016300,"Census Tract 163, Queens County, New York",28581,4195
1400000US36081016400,36081016400,"Census Tract 164, Queens County, New York",58187,8543
1400000US36081016600,36081016600,"Census Tract 166, Queens County, New York",52031,13309
1400000US36081016800,36081016800,"Census Tract 168, Queens County, New York",63234,8037
1400000US36081016900,36081016900,"Census Tract 169, Queens County, New York",62300,10190
1400000US36081017000,36081017000,"Census Tract 170, Queens County, New York",44038,8457
1400000US36081017100,36081017100,"Census Tract 171, Queens County, New York",-,**
1400000US36081017200,36081017200,"Census Tract 172, Queens County, New York",59094,20173
1400000US36081017400,36081017400,"Census Tract 174, Queens County, New York",65905,23876
1400000US36081017600,36081017600,"Census Tract 176, Queens County, New York",59803,17195
1400000US36081017800,36081017800,"Census Tract 178, Queens County, New York",43667,12335
1400000US36081017900,36081017900,"Census Tract 179, Queens County, New York",40625,10993
1400000US36081018000,36081018000,"Census Tract 180, Queens County, New York",58355,14952
1400000US36081018101,36081018101,"Census Tract 181.01, Queens County, New York",36458,7395
1400000US36081018102,36081018102,"Census Tract 181.02, Queens County, New York",54577,8645
1400000US36081018200,36081018200,"Census Tract 182, Queens County, New York",53561,6090
1400000US36081018300,36081018300,"Census Tract 183, Queens County, New York",55648,9429
1400000US36081018401,36081018401,"Census Tract 184.01, Queens County, New York",51811,15632
1400000US36081018402,36081018402,"Census Tract 184.02, Queens County, New York",63500,13303
1400000US36081018501,36081018501,"Census Tract 185.01, Queens County, New York",51053,8230
1400000US36081018502,36081018502,"Census Tract 185.02, Queens County, New York",63824,8003
1400000US36081018600,36081018600,"Census Tract 186, Queens County, New York",58188,7941
1400000US36081018700,36081018700,"Census Tract 187, Queens County, New York",64375,15893
1400000US36081018800,36081018800,"Census Tract 188, Queens County, New York",87143,11143
1400000US36081018900,36081018900,"Census Tract 189, Queens County, New York",49965,14043
1400000US36081019000,36081019000,"Census Tract 190, Queens County, New York",62955,10494
1400000US36081019200,36081019200,"Census Tract 192, Queens County, New York",48906,16696
1400000US36081019400,36081019400,"Census Tract 194, Queens County, New York",64961,9811
1400000US36081019600,36081019600,"Census Tract 196, Queens County, New York",55417,13458
1400000US36081019800,36081019800,"Census Tract 198, Queens County, New York",37750,8263
1400000US36081019900,36081019900,"Census Tract 199, Queens County, New York",55568,10903
1400000US36081020200,36081020200,"Census Tract 202, Queens County, New York",55941,10877
1400000US36081020400,36081020400,"Census Tract 204, Queens County, New York",49046,16003
1400000US36081020500,36081020500,"Census Tract 205, Queens County, New York",50238,10183
1400000US36081020600,36081020600,"Census Tract 206, Queens County, New York",53400,8040
1400000US36081020800,36081020800,"Census Tract 208, Queens County, New York",51222,9296
1400000US36081021200,36081021200,"Census Tract 212, Queens County, New York",33578,14928
1400000US36081021400,36081021400,"Census Tract 214, Queens County, New York",56295,12838
1400000US36081021600,36081021600,"Census Tract 216, Queens County, New York",65461,26559
1400000US36081021900,36081021900,"Census Tract 219, Queens County, New York",-,**
1400000US36081022001,36081022001,"Census Tract 220.01, Queens County, New York",60167,11962
1400000US36081022002,36081022002,"Census Tract 220.02, Queens County, New York",64714,10027
1400000US36081022900,36081022900,"Census Tract 229, Queens County, New York",-,**
1400000US36081023000,36081023000,"Census Tract 230, Queens County, New York",58656,10663
1400000US36081023200,36081023200,"Census Tract 232, Queens County, New York",70324,20072
1400000US36081023500,36081023500,"Census Tract 235, Queens County, New York",47270,8431
1400000US36081023600,36081023600,"Census Tract 236, Queens County, New York",45329,12744
1400000US36081023800,36081023800,"Census Tract 238, Queens County, New York",39426,5214
1400000US36081024000,36081024000,"Census Tract 240, Queens County, New York",34965,4364
1400000US36081024300,36081024300,"Census Tract 243, Queens County, New York",57961,17663
1400000US36081024500,36081024500,"Census Tract 245, Queens County, New York",47527,13833
1400000US36081024600,36081024600,"Census Tract 246, Queens County, New York",-,**
1400000US36081024700,36081024700,"Census Tract 247, Queens County, New York",51875,9629
1400000US36081024900,36081024900,"Census Tract 249, Queens County, New York",62568,10279
1400000US36081025100,36081025100,"Census Tract 251, Queens County, New York",49722,9038
1400000US36081025301,36081025301,"Census Tract 253.01, Queens County, New York",52816,9390
1400000US36081025302,36081025302,"Census Tract 253.02, Queens County, New York",49914,9118
1400000US36081025400,36081025400,"Census Tract 254, Queens County, New York",29973,7449
1400000US36081025500,36081025500,"Census Tract 255, Queens County, New York",74632,14868
1400000US36081025700,36081025700,"Census Tract 257, Queens County, New York",61250,17945
1400000US36081025800,36081025800,"Census Tract 258, Queens County, New York",67337,18915
1400000US36081025900,36081025900,"Census Tract 259, Queens County, New York",49628,10009
1400000US36081026000,36081026000,"Census Tract 260, Queens County, New York",44659,7914
1400000US36081026100,36081026100,"Census Tract 261, Queens County, New York",47821,5975
1400000US36081026200,36081026200,"Census Tract 262, Queens County, New York",55132,23913
1400000US36081026300,36081026300,"Census Tract 263, Queens County, New York",51786,12639
1400000US36081026400,36081026400,"Census Tract 264, Queens County, New York",47500,9198
1400000US36081026500,36081026500,"Census Tract 265, Queens County, New York",41010,5394
1400000US36081026600,36081026600,"Census Tract 266, Queens County, New York",27563,9355
1400000US36081026700,36081026700,"Census Tract 267, Queens County, New York",48091,9729
1400000US36081026901,36081026901,"Census Tract 269.01, Queens County, New York",46191,8849
1400000US36081026902,36081026902,"Census Tract 269.02, Queens County, New York",45000,14724
1400000US36081027000,36081027000,"Census Tract 270, Queens County, New York",56600,27723
1400000US36081027100,36081027100,"Census Tract 271, Queens County, New York",35896,9878
1400000US36081027200,36081027200,"Census Tract 272, Queens County, New York",67120,39104
1400000US36081027300,36081027300,"Census Tract 273, Queens County, New York",37713,9807
1400000US36081027400,36081027400,"Census Tract 274, Queens County, New York",59545,16450
1400000US36081027500,36081027500,"Census Tract 275, Queens County, New York",54972,8537
1400000US36081027600,36081027600,"Census Tract 276, Queens County, New York",45313,29560
1400000US36081027700,36081027700,"Census Tract 277, Queens County, New York",39111,5410
1400000US36081027800,36081027800,"Census Tract 278, Queens County, New York",35380,12360
1400000US36081027900,36081027900,"Census Tract 279, Queens County, New York",43405,11171
1400000US36081028000,36081028000,"Census Tract 280, Queens County, New York",79107,52927
1400000US36081028100,36081028100,"Census Tract 281, Queens County, New York",49809,14784
1400000US36081028200,36081028200,"Census Tract 282, Queens County, New York",63977,23547
1400000US36081028300,36081028300,"Census Tract 283, Queens County, New York",51500,5670
1400000US36081028400,36081028400,"Census Tract 284, Queens County, New York",71500,19124
1400000US36081028500,36081028500,"Census Tract 285, Queens County, New York",66960,8065
1400000US36081028700,36081028700,"Census Tract 287, Queens County, New York",42786,3054
1400000US36081028800,36081028800,"Census Tract 288, Queens County, New York",70399,10472
1400000US36081028900,36081028900,"Census Tract 289, Queens County, New York",47298,17842
1400000US36081029100,36081029100,"Census Tract 291, Queens County, New York",45962,9224
1400000US36081029300,36081029300,"Census Tract 293, Queens County, New York",60907,11493
1400000US36081029400,36081029400,"Census Tract 294, Queens County, New York",61518,11967
1400000US36081029500,36081029500,"Census Tract 295, Queens County, New York",68639,10044
1400000US36081029700,36081029700,"Census Tract 297, Queens County, New York",63929,14878
1400000US36081029900,36081029900,"Census Tract 299, Queens County, New York",-,**
1400000US36081030600,36081030600,"Census Tract 306, Queens County, New York",74865,12129
1400000US36081030902,36081030902,"Census Tract 309.02, Queens County, New York",43634,3303
1400000US36081030903,36081030903,"Census Tract 309.03, Queens County, New York",51329,7280
1400000US36081030904,36081030904,"Census Tract 309.04, Queens County, New York",54545,10413
1400000US36081031700,36081031700,"Census Tract 317, Queens County, New York",67833,12351
1400000US36081032000,36081032000,"Census Tract 320, Queens County, New York",80906,16471
1400000US36081032700,36081032700,"Census Tract 327, Queens County, New York",58333,10142
1400000US36081032800,36081032800,"Census Tract 328, Queens County, New York",64907,14604
1400000US36081032900,36081032900,"Census Tract 329, Queens County, New York",64663,13628
1400000US36081033000,36081033000,"Census Tract 330, Queens County, New York",63841,18536
1400000US36081033100,36081033100,"Census Tract 331, Queens County, New York",-,**
1400000US36081033401,36081033401,"Census Tract 334.01, Queens County, New York",66406,8800
1400000US36081033402,36081033402,"Census Tract 334.02, Queens County, New York",43647,4967
1400000US36081033700,36081033700,"Census Tract 337, Queens County, New York",41198,9704
1400000US36081033900,36081033900,"Census Tract 339, Queens County, New York",57159,12579
1400000US36081034700,36081034700,"Census Tract 347, Queens County, New York",47365,11182
1400000US36081035100,36081035100,"Census Tract 351, Queens County, New York",58642,7187
1400000US36081035200,36081035200,"Census Tract 352, Queens County, New York",67939,17345
1400000US36081035300,36081035300,"Census Tract 353, Queens County, New York",50561,11903
1400000US36081035700,36081035700,"Census Tract 357, Queens County, New York",46235,6528
1400000US36081035800,36081035800,"Census Tract 358, Queens County, New York",67045,9339
1400000US36081036100,36081036100,"Census Tract 361, Queens County, New York",41012,13232
1400000US36081036300,36081036300,"Census Tract 363, Queens County, New York",60350,15545
1400000US36081036500,36081036500,"Census Tract 365, Queens County, New York",62554,13520
1400000US36081036600,36081036600,"Census Tract 366, Queens County, New York",56736,27769
1400000US36081036700,36081036700,"Census Tract 367, Queens County, New York",65388,8721
1400000US36081036800,36081036800,"Census Tract 368, Queens County, New York",72745,8986
1400000US36081037100,36081037100,"Census Tract 371, Queens County, New York",62188,24466
1400000US36081037300,36081037300,"Census Tract 373, Queens County, New York",58276,19889
1400000US36081037500,36081037500,"Census Tract 375, Queens County, New York",42371,19055
1400000US36081037600,36081037600,"Census Tract 376, Queens County, New York",91069,17941
1400000US36081037700,36081037700,"Census Tract 377, Queens County, New York",41862,8681
1400000US36081037900,36081037900,"Census Tract 379, Queens County, New York",52633,6054
1400000US36081038100,36081038100,"Census Tract 381, Queens County, New York",44261,6337
1400000US36081038301,36081038301,"Census Tract 383.01, Queens County, New York",-,**
1400000US36081038302,36081038302,"Census Tract 383.02, Queens County, New York",102500,9723
1400000US36081038400,36081038400,"Census Tract 384, Queens County, New York",71932,19037
1400000US36081039400,36081039400,"Census Tract 394, Queens County, New York",54902,13696
1400000US36081039800,36081039800,"Census Tract 398, Queens County, New York",56696,16823
1400000US36081039900,36081039900,"Census Tract 399, Queens County, New York",46402,11945
1400000US36081040000,36081040000,"Census Tract 400, Queens County, New York",60455,22333
1400000US36081040100,36081040100,"Census Tract 401, Queens County, New York",45516,5328
1400000US36081040200,36081040200,"Census Tract 402, Queens County, New York",91071,20416
1400000US36081040300,36081040300,"Census Tract 403, Queens County, New York",51096,4468
1400000US36081040400,36081040400,"Census Tract 404, Queens County, New York",59250,15919
1400000US36081040500,36081040500,"Census Tract 405, Queens County, New York",50109,4756
1400000US36081040700,36081040700,"Census Tract 407, Queens County, New York",49412,7246
1400000US36081040900,36081040900,"Census Tract 409, Queens County, New York",47792,12503
1400000US36081041100,36081041100,"Census Tract 411, Queens County, New York",42653,12457
1400000US36081041300,36081041300,"Census Tract 413, Queens County, New York",63053,23085
1400000US36081041400,36081041400,"Census Tract 414, Queens County, New York",44815,7506
1400000US36081041500,36081041500,"Census Tract 415, Queens County, New York",45383,17965
1400000US36081042400,36081042400,"Census Tract 424, Queens County, New York",100536,43959
1400000US36081042600,36081042600,"Census Tract 426, Queens County, New York",-,**
1400000US36081042700,36081042700,"Census Tract 427, Queens County, New York",46831,8741
1400000US36081043200,36081043200,"Census Tract 432, Queens County, New York",82438,10975
1400000US36081043400,36081043400,"Census Tract 434, Queens County, New York",80750,39338
1400000US36081043701,36081043701,"Census Tract 437.01, Queens County, New York",47813,20328
1400000US36081043702,36081043702,"Census Tract 437.02, Queens County, New York",39663,10730
1400000US36081043900,36081043900,"Census Tract 439, Queens County, New York",39662,22072
1400000US36081044000,36081044000,"Census Tract 440, Queens County, New York",54840,8099
1400000US36081044301,36081044301,"Census Tract 443.01, Queens County, New York",23750,6498
1400000US36081044302,36081044302,"Census Tract 443.02, Queens County, New York",55399,25814
1400000US36081044400,36081044400,"Census Tract 444, Queens County, New York",22407,5076
1400000US36081044601,36081044601,"Census Tract 446.01, Queens County, New York",37527,8489
1400000US36081044602,36081044602,"Census Tract 446.02, Queens County, New York",38545,7270
1400000US36081044800,36081044800,"Census Tract 448, Queens County, New York",43474,7054
1400000US36081045000,36081045000,"Census Tract 450, Queens County, New York",42143,8977
1400000US36081045200,36081045200,"Census Tract 452, Queens County, New York",77222,44665
1400000US36081045400,36081045400,"Census Tract 454, Queens County, New York",49570,12461
1400000US36081045500,36081045500,"Census Tract 455, Queens County, New York",49550,4600
1400000US36081045600,36081045600,"Census Tract 456, Queens County, New York",55962,11735
1400000US36081045700,36081045700,"Census Tract 457, Queens County, New York",54348,17098
1400000US36081045800,36081045800,"Census Tract 458, Queens County, New York",83185,49959
1400000US36081045900,36081045900,"Census Tract 459, Queens County, New York",59313,23217
1400000US36081046000,36081046000,"Census Tract 460, Queens County, New York",27343,2967
1400000US36081046100,36081046100,"Census Tract 461, Queens County, New York",48274,10097
1400000US36081046200,36081046200,"Census Tract 462, Queens County, New York",36964,8218
1400000US36081046300,36081046300,"Census Tract 463, Queens County, New York",43897,14382
1400000US36081046400,36081046400,"Census Tract 464, Queens County, New York",79018,55202
1400000US36081046500,36081046500,"Census Tract 465, Queens County, New York",46806,19513
1400000US36081046600,36081046600,"Census Tract 466, Queens County, New York",63556,22470
1400000US36081046700,36081046700,"Census Tract 467, Queens County, New York",46250,8999
1400000US36081046800,36081046800,"Census Tract 468, Queens County, New York",42955,12722
1400000US36081046900,36081046900,"Census Tract 469, Queens County, New York",39641,4803
1400000US36081047000,36081047000,"Census Tract 470, Queens County, New York",63902,12053
1400000US36081047100,36081047100,"Census Tract 471, Queens County, New York",26968,4121
1400000US36081047200,36081047200,"Census Tract 472, Queens County, New York",67004,6907
1400000US36081047300,36081047300,"Census Tract 473, Queens County, New York",51581,8578
1400000US36081047500,36081047500,"Census Tract 475, Queens County, New York",52911,10037
1400000US36081047600,36081047600,"Census Tract 476, Queens County, New York",137621,27997
1400000US36081047800,36081047800,"Census Tract 478, Queens County, New York",72620,19706
1400000US36081047900,36081047900,"Census Tract 479, Queens County, New York",53448,7479
1400000US36081048000,36081048000,"Census Tract 480, Queens County, New York",58250,21631
1400000US36081048100,36081048100,"Census Tract 481, Queens County, New York",35670,8500
1400000US36081048200,36081048200,"Census Tract 482, Queens County, New York",60625,32450
1400000US36081048300,36081048300,"Census Tract 483, Queens County, New York",48564,3522
1400000US36081048400,36081048400,"Census Tract 484, Queens County, New York",56989,14701
1400000US36081048500,36081048500,"Census Tract 485, Queens County, New York",47402,14205
1400000US36081048900,36081048900,"Census Tract 489, Queens County, New York",57686,21916
1400000US36081049200,36081049200,"Census Tract 492, Queens County, New York",51982,5785
1400000US36081049301,36081049301,"Census Tract 493.01, Queens County, New York",63250,6132
1400000US36081049302,36081049302,"Census Tract 493.02, Queens County, New York",47286,10653
1400000US36081049500,36081049500,"Census Tract 495, Queens County, New York",59900,9774
1400000US36081049600,36081049600,"Census Tract 496, Queens County, New York",64474,13039
1400000US36081049700,36081049700,"Census Tract 497, Queens County, New York",48210,8819
1400000US36081049900,36081049900,"Census Tract 499, Queens County, New York",50351,10559
1400000US36081050000,36081050000,"Census Tract 500, Queens County, New York",40714,8011
1400000US36081050201,36081050201,"Census Tract 502.01, Queens County, New York",81042,43006
1400000US36081050202,36081050202,"Census Tract 502.02, Queens County, New York",66875,18498
1400000US36081050400,36081050400,"Census Tract 504, Queens County, New York",64625,8320
1400000US36081050500,36081050500,"Census Tract 505, Queens County, New York",75417,23844
1400000US36081050600,36081050600,"Census Tract 506, Queens County, New York",63036,21149
1400000US36081050700,36081050700,"Census Tract 507, Queens County, New York",71036,14054
1400000US36081050800,36081050800,"Census Tract 508, Queens County, New York",59583,12048
1400000US36081051000,36081051000,"Census Tract 510, Queens County, New York",92574,22681
1400000US36081051100,36081051100,"Census Tract 511, Queens County, New York",58622,8680
1400000US36081051200,36081051200,"Census Tract 512, Queens County, New York",75433,25704
1400000US36081051300,36081051300,"Census Tract 513, Queens County, New York",54821,13090
1400000US36081051500,36081051500,"Census Tract 515, Queens County, New York",65611,11567
1400000US36081051600,36081051600,"Census Tract 516, Queens County, New York",81031,11102
1400000US36081051700,36081051700,"Census Tract 517, Queens County, New York",48125,17870
1400000US36081051800,36081051800,"Census Tract 518, Queens County, New York",71591,15104
1400000US36081052000,36081052000,"Census Tract 520, Queens County, New York",98438,19026
1400000US36081052100,36081052100,"Census Tract 521, Queens County, New York",68380,15252
1400000US36081052200,36081052200,"Census Tract 522, Queens County, New York",96607,31136
1400000US36081052400,36081052400,"Census Tract 524, Queens County, New York",65288,19692
1400000US36081052500,36081052500,"Census Tract 525, Queens County, New York",63641,8094
1400000US36081052600,36081052600,"Census Tract 526, Queens County, New York",81000,2989
1400000US36081052800,36081052800,"Census Tract 528, Queens County, New York",58696,7651
1400000US36081053000,36081053000,"Census Tract 530, Queens County, New York",51488,11018
1400000US36081053100,36081053100,"Census Tract 531, Queens County, New York",49625,14330
1400000US36081053200,36081053200,"Census Tract 532, Queens County, New York",86780,10947
1400000US36081053401,36081053401,"Census Tract 534.01, Queens County, New York",83750,21633
1400000US36081053500,36081053500,"Census Tract 535, Queens County, New York",53750,32764
1400000US36081053601,36081053601,"Census Tract 536.01, Queens County, New York",90750,22147
1400000US36081053800,36081053800,"Census Tract 538, Queens County, New York",72386,23056
1400000US36081053900,36081053900,"Census Tract 539, Queens County, New York",60893,15588
1400000US36081054000,36081054000,"Census Tract 540, Queens County, New York",49053,18344
1400000US36081054200,36081054200,"Census Tract 542, Queens County, New York",73775,9050
1400000US36081054500,36081054500,"Census Tract 545, Queens County, New York",48393,9215
1400000US36081054700,36081054700,"Census Tract 547, Queens County, New York",46808,4609
1400000US36081054800,36081054800,"Census Tract 548, Queens County, New York",85724,11601
1400000US36081054900,36081054900,"Census Tract 549, Queens County, New York",43828,9944
1400000US36081055100,36081055100,"Census Tract 551, Queens County, New York",37849,5559
1400000US36081055200,36081055200,"Census Tract 552, Queens County, New York",73370,9695
1400000US36081055300,36081055300,"Census Tract 553, Queens County, New York",39583,9714
1400000US36081055400,36081055400,"Census Tract 554, Queens County, New York",78051,8243
1400000US36081055500,36081055500,"Census Tract 555, Queens County, New York",46490,12552
1400000US36081055600,36081055600,"Census Tract 556, Queens County, New York",75671,5952
1400000US36081055700,36081055700,"Census Tract 557, Queens County, New York",43750,18911
1400000US36081055800,36081055800,"Census Tract 558, Queens County, New York",77083,16667
1400000US36081055900,36081055900,"Census Tract 559, Queens County, New York",45227,31462
1400000US36081056000,36081056000,"Census Tract 560, Queens County, New York",63359,13258
1400000US36081056100,36081056100,"Census Tract 561, Queens County, New York",108875,23084
1400000US36081056200,36081056200,"Census Tract 562, Queens County, New York",59904,31330
1400000US36081056400,36081056400,"Census Tract 564, Queens County, New York",52148,22039
1400000US36081056500,36081056500,"Census Tract 565, Queens County, New York",34875,12131
1400000US36081056600,36081056600,"Census Tract 566, Queens County, New York",86394,27021
1400000US36081056700,36081056700,"Census Tract 567, Queens County, New York",59946,14699
1400000US36081056800,36081056800,"Census Tract 568, Queens County, New York",66591,11464
1400000US36081057700,36081057700,"Census Tract 577, Queens County, New York",52111,16690
1400000US36081057900,36081057900,"Census Tract 579, Queens County, New York",25671,10254
1400000US36081058000,36081058000,"Census Tract 580, Queens County, New York",79769,11859
1400000US36081058100,36081058100,"Census Tract 581, Queens County, New York",50889,5660
1400000US36081058200,36081058200,"Census Tract 582, Queens County, New York",59773,13844
1400000US36081058300,36081058300,"Census Tract 583, Queens County, New York",51189,16316
1400000US36081058500,36081058500,"Census Tract 585, Queens County, New York",50410,12305
1400000US36081058700,36081058700,"Census Tract 587, Queens County, New York",42750,6803
1400000US36081058900,36081058900,"Census Tract 589, Queens County, New York",42363,6969
1400000US36081059000,36081059000,"Census Tract 590, Queens County, New York",54318,30645
1400000US36081059100,36081059100,"Census Tract 591, Queens County, New York",47605,6035
1400000US36081059200,36081059200,"Census Tract 592, Queens County, New York",78438,35288
1400000US36081059300,36081059300,"Census Tract 593, Queens County, New York",51458,10329
1400000US36081059400,36081059400,"Census Tract 594, Queens County, New York",109107,31467
1400000US36081059500,36081059500,"Census Tract 595, Queens County, New York",59835,6791
1400000US36081059600,36081059600,"Census Tract 596, Queens County, New York",81429,21009
1400000US36081059800,36081059800,"Census Tract 598, Queens County, New York",65257,4919
1400000US36081059900,36081059900,"Census Tract 599, Queens County, New York",66806,18033
1400000US36081060000,36081060000,"Census Tract 600, Queens County, New York",63409,26955
1400000US36081060100,36081060100,"Census Tract 601, Queens County, New York",59213,9612
1400000US36081060300,36081060300,"Census Tract 603, Queens County, New York",72614,29718
1400000US36081060600,36081060600,"Census Tract 606, Queens County, New York",84375,16172
1400000US36081060701,36081060701,"Census Tract 607.01, Queens County, New York",-,**
1400000US36081060800,36081060800,"Census Tract 608, Queens County, New York",90050,12190
1400000US36081061000,36081061000,"Census Tract 610, Queens County, New York",69792,13128
1400000US36081061200,36081061200,"Census Tract 612, Queens County, New York",71000,48117
1400000US36081061301,36081061301,"Census Tract 613.01, Queens County, New York",65515,10392
1400000US36081061302,36081061302,"Census Tract 613.02, Queens County, New York",-,**
1400000US36081061400,36081061400,"Census Tract 614, Queens County, New York",103787,10193
1400000US36081061601,36081061601,"Census Tract 616.01, Queens County, New York",89350,16449
1400000US36081061602,36081061602,"Census Tract 616.02, Queens County, New York",70313,22956
1400000US36081061800,36081061800,"Census Tract 618, Queens County, New York",57414,11270
1400000US36081061900,36081061900,"Census Tract 619, Queens County, New York",57639,14832
1400000US36081062000,36081062000,"Census Tract 620, Queens County, New York",87917,10406
1400000US36081062100,36081062100,"Census Tract 621, Queens County, New York",54050,10197
1400000US36081062200,36081062200,"Census Tract 622, Queens County, New York",86875,7827
1400000US36081062300,36081062300,"Census Tract 623, Queens County, New York",47226,14224
1400000US36081062400,36081062400,"Census Tract 624, Queens County, New York",-,**
1400000US36081062500,36081062500,"Census Tract 625, Queens County, New York",64570,10689
1400000US36081062600,36081062600,"Census Tract 626, Queens County, New York",79569,13794
1400000US36081062700,36081062700,"Census Tract 627, Queens County, New York",61761,5869
1400000US36081062900,36081062900,"Census Tract 629, Queens County, New York",57029,7229
1400000US36081063000,36081063000,"Census Tract 630, Queens County, New York",81328,38852
1400000US36081063200,36081063200,"Census Tract 632, Queens County, New York",85608,17443
1400000US36081063301,36081063301,"Census Tract 633.01, Queens County, New York",55750,25402
1400000US36081063302,36081063302,"Census Tract 633.02, Queens County, New York",71045,5240
1400000US36081063500,36081063500,"Census Tract 635, Queens County, New York",55847,17734
1400000US36081063700,36081063700,"Census Tract 637, Queens County, New York",61649,22364
1400000US36081063800,36081063800,"Census Tract 638, Queens County, New York",81563,11109
1400000US36081063900,36081063900,"Census Tract 639, Queens County, New York",72609,8666
1400000US36081064101,36081064101,"Census Tract 641.01, Queens County, New York",52083,10481
1400000US36081064102,36081064102,"Census Tract 641.02, Queens County, New York",35139,40302
1400000US36081064500,36081064500,"Census Tract 645, Queens County, New York",87083,13440
1400000US36081064600,36081064600,"Census Tract 646, Queens County, New York",78000,12855
1400000US36081065000,36081065000,"Census Tract 650, Queens County, New York",87619,9896
1400000US36081065400,36081065400,"Census Tract 654, Queens County, New York",88603,8613
1400000US36081065501,36081065501,"Census Tract 655.01, Queens County, New York",-,**
1400000US36081065600,36081065600,"Census Tract 656, Queens County, New York",80625,23293
1400000US36081065702,36081065702,"Census Tract 657.02, Queens County, New York",70769,20948
1400000US36081065703,36081065703,"Census Tract 657.03, Queens County, New York",70074,25142
1400000US36081065900,36081065900,"Census Tract 659, Queens County, New York",90694,33495
1400000US36081066000,36081066000,"Census Tract 660, Queens County, New York",98924,11500
1400000US36081066100,36081066100,"Census Tract 661, Queens County, New York",78676,36503
1400000US36081066300,36081066300,"Census Tract 663, Queens County, New York",68581,7336
1400000US36081066400,36081066400,"Census Tract 664, Queens County, New York",86279,6788
1400000US36081066501,36081066501,"Census Tract 665.01, Queens County, New York",68138,26226
1400000US36081066701,36081066701,"Census Tract 667.01, Queens County, New York",78685,3811
1400000US36081066900,36081066900,"Census Tract 669, Queens County, New York",83036,32218
1400000US36081067100,36081067100,"Census Tract 671, Queens County, New York",66648,8319
1400000US36081067700,36081067700,"Census Tract 677, Queens County, New York",83000,14216
1400000US36081067900,36081067900,"Census Tract 679, Queens County, New York",47962,14430
1400000US36081068000,36081068000,"Census Tract 680, Queens County, New York",76737,11260
1400000US36081068200,36081068200,"Census Tract 682, Queens County, New York",92813,48958
1400000US36081068300,36081068300,"Census Tract 683, Queens County, New York",57747,6953
1400000US36081068700,36081068700,"Census Tract 687, Queens County, New York",57176,15364
1400000US36081069000,36081069000,"Census Tract 690, Queens County, New York",85327,20231
1400000US36081069300,36081069300,"Census Tract 693, Queens County, New York",52672,10701
1400000US36081069400,36081069400,"Census Tract 694, Queens County, New York",89722,13761
1400000US36081069500,36081069500,"Census Tract 695, Queens County, New York",54063,22173
1400000US36081069701,36081069701,"Census Tract 697.01, Queens County, New York",48854,4333
1400000US36081069702,36081069702,"Census Tract 697.02, Queens County, New York",75350,12839
1400000US36081070300,36081070300,"Census Tract 703, Queens County, New York",77665,21731
1400000US36081070700,36081070700,"Census Tract 707, Queens County, New York",98190,18429
1400000US36081070900,36081070900,"Census Tract 709, Queens County, New York",90000,19726
1400000US36081071100,36081071100,"Census Tract 711, Queens County, New York",59913,12198
1400000US36081071303,36081071303,"Census Tract 713.03, Queens County, New York",72059,16341
1400000US36081071304,36081071304,"Census Tract 713.04, Queens County, New York",55877,6483
1400000US36081071305,36081071305,"Census Tract 713.05, Queens County, New York",80768,7767
1400000US36081071306,36081071306,"Census Tract 713.06, Queens County, New York",59551,13768
1400000US36081071600,36081071600,"Census Tract 716, Queens County, New York",-,**
1400000US36081071701,36081071701,"Census Tract 717.01, Queens County, New York",54511,9955
1400000US36081071702,36081071702,"Census Tract 717.02, Queens County, New York",41923,6126
1400000US36081071900,36081071900,"Census Tract 719, Queens County, New York",41050,20524
1400000US36081072100,36081072100,"Census Tract 721, Queens County, New York",58245,13228
1400000US36081072300,36081072300,"Census Tract 723, Queens County, New York",126458,21327
1400000US36081072900,36081072900,"Census Tract 729, Queens County, New York",89833,27855
1400000US36081073100,36081073100,"Census Tract 731, Queens County, New York",118594,47395
1400000US36081073700,36081073700,"Census Tract 737, Queens County, New York",75417,17237
1400000US36081073900,36081073900,"Census Tract 739, Queens County, New York",85098,15633
1400000US36081074100,36081074100,"Census Tract 741, Queens County, New York",67757,8408
1400000US36081074300,36081074300,"Census Tract 743, Queens County, New York",54323,12063
1400000US36081074500,36081074500,"Census Tract 745, Queens County, New York",32424,11122
1400000US36081074700,36081074700,"Census Tract 747, Queens County, New York",64679,14425
1400000US36081074900,36081074900,"Census Tract 749, Queens County, New York",113750,32364
1400000US36081075701,36081075701,"Census Tract 757.01, Queens County, New York",70000,8371
1400000US36081075702,36081075702,"Census Tract 757.02, Queens County, New York",69766,11096
1400000US36081076901,36081076901,"Census Tract 769.01, Queens County, New York",79792,6606
1400000US36081076902,36081076902,"Census Tract 769.02, Queens County, New York",74556,6931
1400000US36081077300,36081077300,"Census Tract 773, Queens County, New York",69012,9867
1400000US36081077500,36081077500,"Census Tract 775, Queens County, New York",57500,30708
1400000US36081077902,36081077902,"Census Tract 779.02, Queens County, New York",78250,8749
1400000US36081077903,36081077903,"Census Tract 779.03, Queens County, New York",63511,9009
1400000US36081077904,36081077904,"Census Tract 779.04, Queens County, New York",63178,8703
1400000US36081077905,36081077905,"Census Tract 779.05, Queens County, New York",68229,16709
1400000US36081077906,36081077906,"Census Tract 779.06, Queens County, New York",46842,7754
1400000US36081077907,36081077907,"Census Tract 779.07, Queens County, New York",56139,12272
1400000US36081077908,36081077908,"Census Tract 779.08, Queens County, New York",43536,7948
1400000US36081078800,36081078800,"Census Tract 788, Queens County, New York",57443,17642
1400000US36081079000,36081079000,"Census Tract 790, Queens County, New York",66500,12497
1400000US36081079200,36081079200,"Census Tract 792, Queens County, New York",71020,11440
1400000US36081079300,36081079300,"Census Tract 793, Queens County, New York",-,**
1400000US36081079701,36081079701,"Census Tract 797.01, Queens County, New York",53216,7651
1400000US36081079702,36081079702,"Census Tract 797.02, Queens County, New York",31907,6041
1400000US36081079900,36081079900,"Census Tract 799, Queens County, New York",54208,6849
1400000US36081080301,36081080301,"Census Tract 803.01, Queens County, New York",50923,7270
1400000US36081080302,36081080302,"Census Tract 803.02, Queens County, New York",50880,16158
1400000US36081080900,36081080900,"Census Tract 809, Queens County, New York",59652,16785
1400000US36081081400,36081081400,"Census Tract 814, Queens County, New York",60504,17706
1400000US36081081800,36081081800,"Census Tract 818, Queens County, New York",56250,27908
1400000US36081083700,36081083700,"Census Tract 837, Queens County, New York",51484,7154
1400000US36081083800,36081083800,"Census Tract 838, Queens County, New York",66927,13971
1400000US36081084000,36081084000,"Census Tract 840, Queens County, New York",65521,25034
1400000US36081084500,36081084500,"Census Tract 845, Queens County, New York",35076,8549
1400000US36081084601,36081084601,"Census Tract 846.01, Queens County, New York",83438,23290
1400000US36081084602,36081084602,"Census Tract 846.02, Queens County, New York",55735,25105
1400000US36081084900,36081084900,"Census Tract 849, Queens County, New York",39452,4086
1400000US36081085300,36081085300,"Census Tract 853, Queens County, New York",30758,10754
1400000US36081085500,36081085500,"Census Tract 855, Queens County, New York",46209,7398
1400000US36081085700,36081085700,"Census Tract 857, Queens County, New York",36063,6000
1400000US36081085900,36081085900,"Census Tract 859, Queens County, New York",39302,8439
1400000US36081086100,36081086100,"Census Tract 861, Queens County, New York",60338,16492
1400000US36081086300,36081086300,"Census Tract 863, Queens County, New York",32869,8109
1400000US36081086400,36081086400,"Census Tract 864, Queens County, New York",61522,14755
1400000US36081086500,36081086500,"Census Tract 865, Queens County, New York",34464,9527
1400000US36081086900,36081086900,"Census Tract 869, Queens County, New York",52529,8929
1400000US36081087100,36081087100,"Census Tract 871, Queens County, New York",13958,2124
1400000US36081088400,36081088400,"Census Tract 884, Queens County, New York",71397,13503
1400000US36081088901,36081088901,"Census Tract 889.01, Queens County, New York",48983,9091
1400000US36081089200,36081089200,"Census Tract 892, Queens County, New York",91780,15589
1400000US36081090700,36081090700,"Census Tract 907, Queens County, New York",35000,18252
1400000US36081091601,36081091601,"Census Tract 916.01, Queens County, New York",86731,4456
1400000US36081091602,36081091602,"Census Tract 916.02, Queens County, New York",-,**
1400000US36081091800,36081091800,"Census Tract 918, Queens County, New York",19375,201046
1400000US36081091900,36081091900,"Census Tract 919, Queens County, New York",61750,12759
1400000US36081092200,36081092200,"Census Tract 922, Queens County, New York",118571,29447
1400000US36081092500,36081092500,"Census Tract 925, Queens County, New York",51964,6743
1400000US36081092800,36081092800,"Census Tract 928, Queens County, New York",121050,20119
1400000US36081092900,36081092900,"Census Tract 929, Queens County, New York",72646,7840
1400000US36081093401,36081093401,"Census Tract 934.01, Queens County, New York",78454,13039
1400000US36081093402,36081093402,"Census Tract 934.02, Queens County, New York",80781,12150
1400000US36081093800,36081093800,"Census Tract 938, Queens County, New York",47287,10756
1400000US36081093900,36081093900,"Census Tract 939, Queens County, New York",72574,22482
1400000US36081094201,36081094201,"Census Tract 942.01, Queens County, New York",53117,4530
1400000US36081094202,36081094202,"Census Tract 942.02, Queens County, New York",40489,11006
1400000US36081094203,36081094203,"Census Tract 942.03, Queens County, New York",47896,5758
1400000US36081094500,36081094500,"Census Tract 945, Queens County, New York",70000,11353
1400000US36081094700,36081094700,"Census Tract 947, Queens County, New York",60139,11906
1400000US36081095400,36081095400,"Census Tract 954, Queens County, New York",60927,13686
1400000US36081096400,36081096400,"Census Tract 964, Queens County, New York",68750,10972
1400000US36081097202,36081097202,"Census Tract 972.02, Queens County, New York",16714,5995
1400000US36081097203,36081097203,"Census Tract 972.03, Queens County, New York",17484,6170
1400000US36081097204,36081097204,"Census Tract 972.04, Queens County, New York",35142,5985
1400000US36081097300,36081097300,"Census Tract 973, Queens County, New York",92050,28584
1400000US36081098100,36081098100,"Census Tract 981, Queens County, New York",71553,8509
1400000US36081098700,36081098700,"Census Tract 987, Queens County, New York",84727,9325
1400000US36081099100,36081099100,"Census Tract 991, Queens County, New York",94449,9348
1400000US36081099200,36081099200,"Census Tract 992, Queens County, New York",50734,6763
1400000US36081099701,36081099701,"Census Tract 997.01, Queens County, New York",63988,12473
1400000US36081099703,36081099703,"Census Tract 997.03, Queens County, New York",82049,19275
1400000US36081099704,36081099704,"Census Tract 997.04, Queens County, New York",67554,10898
1400000US36081099705,36081099705,"Census Tract 997.05, Queens County, New York",96528,64225
1400000US36081099801,36081099801,"Census Tract 998.01, Queens County, New York",51678,5168
1400000US36081099802,36081099802,"Census Tract 998.02, Queens County, New York",20953,4688
1400000US36081099900,36081099900,"Census Tract 999, Queens County, New York",-,**
1400000US36081100801,36081100801,"Census Tract 1008.01, Queens County, New York",81917,21956
1400000US36081100802,36081100802,"Census Tract 1008.02, Queens County, New York",60266,8794
1400000US36081101001,36081101001,"Census Tract 1010.01, Queens County, New York",35729,6117
1400000US36081101002,36081101002,"Census Tract 1010.02, Queens County, New York",21474,8395
1400000US36081101700,36081101700,"Census Tract 1017, Queens County, New York",61715,7779
1400000US36081102900,36081102900,"Census Tract 1029, Queens County, New York",79007,18661
1400000US36081103201,36081103201,"Census Tract 1032.01, Queens County, New York",23893,5183
1400000US36081103202,36081103202,"Census Tract 1032.02, Queens County, New York",58684,21441
1400000US36081103300,36081103300,"Census Tract 1033, Queens County, New York",75154,5669
1400000US36081103900,36081103900,"Census Tract 1039, Queens County, New York",65923,11984
1400000US36081104700,36081104700,"Census Tract 1047, Queens County, New York",75012,21807
1400000US36081105900,36081105900,"Census Tract 1059, Queens County, New York",87632,24718
1400000US36081107201,36081107201,"Census Tract 1072.01, Queens County, New York",68854,12137
1400000US36081107202,36081107202,"Census Tract 1072.02, Queens County, New York",-,**
1400000US36081108500,36081108500,"Census Tract 1085, Queens County, New York",61761,20646
1400000US36081109300,36081109300,"Census Tract 1093, Queens County, New York",100769,11278
1400000US36081109700,36081109700,"Census Tract 1097, Queens County, New York",78571,36671
1400000US36081109900,36081109900,"Census Tract 1099, Queens County, New York",65625,20371
1400000US36081111300,36081111300,"Census Tract 1113, Queens County, New York",80625,35033
1400000US36081112300,36081112300,"Census Tract 1123, Queens County, New York",75556,13202
1400000US36081112900,36081112900,"Census Tract 1129, Queens County, New York",80985,7756
1400000US36081113300,36081113300,"Census Tract 1133, Queens County, New York",88906,26660
1400000US36081113900,36081113900,"Census Tract 1139, Queens County, New York",66695,9553
1400000US36081114100,36081114100,"Census Tract 1141, Queens County, New York",106000,13921
1400000US36081114700,36081114700,"Census Tract 1147, Queens County, New York",114167,18861
1400000US36081115100,36081115100,"Census Tract 1151, Queens County, New York",89231,25991
1400000US36081115500,36081115500,"Census Tract 1155, Queens County, New York",76932,21890
1400000US36081115700,36081115700,"Census Tract 1157, Queens County, New York",58638,8055
1400000US36081115900,36081115900,"Census Tract 1159, Queens County, New York",50362,7349
1400000US36081116100,36081116100,"Census Tract 1161, Queens County, New York",53750,17037
1400000US36081116300,36081116300,"Census Tract 1163, Queens County, New York",33617,5704
1400000US36081116700,36081116700,"Census Tract 1167, Queens County, New York",50417,13549
1400000US36081117100,36081117100,"Census Tract 1171, Queens County, New York",52202,9031
1400000US36081117500,36081117500,"Census Tract 1175, Queens County, New York",59491,12355
1400000US36081118100,36081118100,"Census Tract 1181, Queens County, New York",58958,12889
1400000US36081118500,36081118500,"Census Tract 1185, Queens County, New York",53287,13278
1400000US36081118700,36081118700,"Census Tract 1187, Queens County, New York",57973,9788
1400000US36081118900,36081118900,"Census Tract 1189, Queens County, New York",59129,21142
1400000US36081119100,36081119100,"Census Tract 1191, Queens County, New York",55486,12531
1400000US36081119300,36081119300,"Census Tract 1193, Queens County, New York",50417,25461
1400000US36081119500,36081119500,"Census Tract 1195, Queens County, New York",85833,25357
1400000US36081119900,36081119900,"Census Tract 1199, Queens County, New York",53194,20876
1400000US36081120100,36081120100,"Census Tract 1201, Queens County, New York",50000,29679
1400000US36081120300,36081120300,"Census Tract 1203, Queens County, New York",70341,42826
1400000US36081120500,36081120500,"Census Tract 1205, Queens County, New York",24750,8781
1400000US36081120700,36081120700,"Census Tract 1207, Queens County, New York",92500,22548
1400000US36081121100,36081121100,"Census Tract 1211, Queens County, New York",-,**
1400000US36081121500,36081121500,"Census Tract 1215, Queens County, New York",57653,5710
1400000US36081122300,36081122300,"Census Tract 1223, Queens County, New York",75738,17634
1400000US36081122701,36081122701,"Census Tract 1227.01, Queens County, New York",51324,9224
1400000US36081122702,36081122702,"Census Tract 1227.02, Queens County, New York",18177,10034
1400000US36081124100,36081124100,"Census Tract 1241, Queens County, New York",63500,14113
1400000US36081124700,36081124700,"Census Tract 1247, Queens County, New York",97644,20009
1400000US36081125700,36081125700,"Census Tract 1257, Queens County, New York",43092,12556
1400000US36081126500,36081126500,"Census Tract 1265, Queens County, New York",53125,20226
1400000US36081126700,36081126700,"Census Tract 1267, Queens County, New York",76821,22073
1400000US36081127700,36081127700,"Census Tract 1277, Queens County, New York",102813,17582
1400000US36081128300,36081128300,"Census Tract 1283, Queens County, New York",133036,135816
1400000US36081129102,36081129102,"Census Tract 1291.02, Queens County, New York",106420,11847
1400000US36081129103,36081129103,"Census Tract 1291.03, Queens County, New York",68162,10528
1400000US36081129104,36081129104,"Census Tract 1291.04, Queens County, New York",78092,10084
1400000US36081130100,36081130100,"Census Tract 1301, Queens County, New York",69375,11096
1400000US36081133300,36081133300,"Census Tract 1333, Queens County, New York",88315,16732
1400000US36081133900,36081133900,"Census Tract 1339, Queens County, New York",98500,18486
1400000US36081134100,36081134100,"Census Tract 1341, Queens County, New York",84909,20788
1400000US36081134700,36081134700,"Census Tract 1347, Queens County, New York",46476,5826
1400000US36081136700,36081136700,"Census Tract 1367, Queens County, New York",63708,14121
1400000US36081137700,36081137700,"Census Tract 1377, Queens County, New York",66768,12508
1400000US36081138501,36081138501,"Census Tract 1385.01, Queens County, New York",80250,16576
1400000US36081138502,36081138502,"Census Tract 1385.02, Queens County, New York",-,**
1400000US36081139900,36081139900,"Census Tract 1399, Queens County, New York",93306,21369
1400000US36081140300,36081140300,"Census Tract 1403, Queens County, New York",79671,7415
1400000US36081140901,36081140901,"Census Tract 1409.01, Queens County, New York",56375,22005
1400000US36081140902,36081140902,"Census Tract 1409.02, Queens County, New York",79071,14164
1400000US36081141700,36081141700,"Census Tract 1417, Queens County, New York",82540,12666
1400000US36081142900,36081142900,"Census Tract 1429, Queens County, New York",62750,10958
1400000US36081143500,36081143500,"Census Tract 1435, Queens County, New York",82596,22214
1400000US36081144100,36081144100,"Census Tract 1441, Queens County, New York",69444,25327
1400000US36081144700,36081144700,"Census Tract 1447, Queens County, New York",66495,15781
1400000US36081145101,36081145101,"Census Tract 1451.01, Queens County, New York",60577,19472
1400000US36081145102,36081145102,"Census Tract 1451.02, Queens County, New York",85172,12464
1400000US36081145900,36081145900,"Census Tract 1459, Queens County, New York",71000,27164
1400000US36081146300,36081146300,"Census Tract 1463, Queens County, New York",77073,8950
1400000US36081146700,36081146700,"Census Tract 1467, Queens County, New York",55694,13882
1400000US36081147100,36081147100,"Census Tract 1471, Queens County, New York",71492,16491
1400000US36081147900,36081147900,"Census Tract 1479, Queens County, New York",84240,9724
1400000US36081148300,36081148300,"Census Tract 1483, Queens County, New York",126364,29079
1400000US36081150701,36081150701,"Census Tract 1507.01, Queens County, New York",93848,10741
1400000US36081150702,36081150702,"Census Tract 1507.02, Queens County, New York",77109,22415
1400000US36081152901,36081152901,"Census Tract 1529.01, Queens County, New York",86583,15936
1400000US36081152902,36081152902,"Census Tract 1529.02, Queens County, New York",85870,13951
1400000US36081155101,36081155101,"Census Tract 1551.01, Queens County, New York",70036,12163
1400000US36081155102,36081155102,"Census Tract 1551.02, Queens County, New York",78646,11217
1400000US36081156700,36081156700,"Census Tract 1567, Queens County, New York",101310,20245
1400000US36081157101,36081157101,"Census Tract 1571.01, Queens County, New York",76772,6114
1400000US36081157102,36081157102,"Census Tract 1571.02, Queens County, New York",68816,12499
1400000US36081157901,36081157901,"Census Tract 1579.01, Queens County, New York",74900,15648
1400000US36081157902,36081157902,"Census Tract 1579.02, Queens County, New York",78966,17622
1400000US36081157903,36081157903,"Census Tract 1579.03, Queens County, New York",69977,22672
1400000US36081161700,36081161700,"Census Tract 1617, Queens County, New York",90597,11138
1400000US36081162100,36081162100,"Census Tract 1621, Queens County, New York",68465,9756
1400000US36081990100,36081990100,"Census Tract 9901, Queens County, New York",-,**
