Site Code,Site Name,Country,Continent,Start Time,Day,Date,Time Step,Wind Direction,Wind Speed,Screen Temperature,Significant Weather,Relative Humidity,Visibility Range,Visibility Description,Wind Gust,Feels Like Temperature,UV Index,Precipitation Probability
"352409","LONDON (352409)","ENGLAND","EUROPE","00:00","Wednesday","2013-03-27",0,"NNE",7,1,"(Black) Low-level cloud",66,"< 20000 m","Good",17,-2,0,20
"352409","LONDON (352409)","ENGLAND","EUROPE","00:00","Wednesday","2013-03-27",3,"NE",8,1,"(White) Medium-level cloud",64,"< 20000 m","Good",17,-3,0,20
"352409","LONDON (352409)","ENGLAND","EUROPE","00:00","Wednesday","2013-03-27",6,"NE",8,0,"Sunny intervals",71,"< 20000 m","Good",18,-4,1,5
"352409","LONDON (352409)","ENGLAND","EUROPE","00:00","Wednesday","2013-03-27",9,"NE",10,2,"(White) Medium-level cloud",70,"< 20000 m","Good",21,-2,1,20
"352409","LONDON (352409)","ENGLAND","EUROPE","00:00","Wednesday","2013-03-27",12,"ENE",11,3,"(White) Medium-level cloud",53,"< 20000 m","Good",26,0,2,20
"352409","LONDON (352409)","ENGLAND","EUROPE","00:00","Wednesday","2013-03-27",15,"ENE",11,4,"(Black) Low-level cloud",48,"< 20000 m","Good",23,0,1,20
"352409","LONDON (352409)","ENGLAND","EUROPE","00:00","Wednesday","2013-03-27",18,"ENE",10,2,"(Black) Low-level cloud",51,"< 20000 m","Good",23,-1,1,20
"352409","LONDON (352409)","ENGLAND","EUROPE","00:00","Wednesday","2013-03-27",21,"NE",8,1,"Partly cloudy (Night)",61,"< 20000 m","Good",18,-2,0,5
"352409","LONDON (352409)","ENGLAND","EUROPE","00:00","Wednesday","2013-03-27",24,"NNE",7,0,"Partly cloudy (Night)",69,"< 20000 m","Good",15,-3,0,5
"352409","LONDON (352409)","ENGLAND","EUROPE","00:00","Wednesday","2013-03-27",27,"NNE",6,0,"(White) Medium-level cloud",84,"< 20000 m","Good",11,-3,0,5
"352409","LONDON (352409)","ENGLAND","EUROPE","00:00","Wednesday","2013-03-27",30,"NNE",7,0,"(White) Medium-level cloud",80,"< 20000 m","Good",14,-3,1,5
"352409","LONDON (352409)","ENGLAND","EUROPE","00:00","Wednesday","2013-03-27",33,"NE",10,2,"(White) Medium-level cloud",68,"< 40000 m","Very good",21,-2,1,20
"352409","LONDON (352409)","ENGLAND","EUROPE","00:00","Wednesday","2013-03-27",36,"NE",11,5,"Sunny intervals",40,"< 40000 m","Very good",25,1,3,5
"352409","LONDON (352409)","ENGLAND","EUROPE","00:00","Wednesday","2013-03-27",39,"NE",12,5,"(White) Medium-level cloud",43,"< 40000 m","Very good",26,2,1,20
"352409","LONDON (352409)","ENGLAND","EUROPE","00:00","Wednesday","2013-03-27",42,"NE",10,3,"Sunny intervals",53,"< 40000 m","Very good",24,0,1,5
"352409","LONDON (352409)","ENGLAND","EUROPE","00:00","Wednesday","2013-03-27",45,"NE",8,1,"Partly cloudy (Night)",61,"< 40000 m","Very good",19,-2,0,5
"352409","LONDON (352409)","ENGLAND","EUROPE","00:00","Wednesday","2013-03-27",48,"NE",7,0,"Partly cloudy (Night)",75,"< 40000 m","Very good",16,-3,0,5
"352409","LONDON (352409)","ENGLAND","EUROPE","00:00","Wednesday","2013-03-27",51,"NE",6,-1,"Partly cloudy (Night)",82,"< 40000 m","Very good",11,-4,0,5
"352409","LONDON (352409)","ENGLAND","EUROPE","00:00","Wednesday","2013-03-27",54,"NE",6,-2,"Sunny intervals",86,"< 20000 m","Good",13,-5,1,5
"352409","LONDON (352409)","ENGLAND","EUROPE","00:00","Wednesday","2013-03-27",57,"ENE",9,2,"(White) Medium-level cloud",73,"< 40000 m","Very good",18,-2,1,20
"352409","LONDON (352409)","ENGLAND","EUROPE","00:00","Wednesday","2013-03-27",60,"ENE",11,4,"(Black) Low-level cloud",59,"< 20000 m","Good",23,0,2,20
"352409","LONDON (352409)","ENGLAND","EUROPE","00:00","Wednesday","2013-03-27",63,"ENE",12,4,"(Black) Low-level cloud",57,"< 20000 m","Good",24,1,1,20
"352409","LONDON (352409)","ENGLAND","EUROPE","00:00","Wednesday","2013-03-27",66,"ENE",11,3,"(Black) Low-level cloud",62,"< 40000 m","Very good",23,0,1,20
"352409","LONDON (352409)","ENGLAND","EUROPE","00:00","Wednesday","2013-03-27",69,"NE",9,1,"(White) Medium-level cloud",78,"< 40000 m","Very good",19,-2,0,20
"352409","LONDON (352409)","ENGLAND","EUROPE","00:00","Wednesday","2013-03-27",72,"NNE",7,0,"(White) Medium-level cloud",85,"< 40000 m","Very good",17,-3,0,5
"352409","LONDON (352409)","ENGLAND","EUROPE","00:00","Wednesday","2013-03-27",75,"NNE",7,-1,"(White) Medium-level cloud",87,"< 20000 m","Good",14,-4,0,5
"352409","LONDON (352409)","ENGLAND","EUROPE","00:00","Wednesday","2013-03-27",78,"NNE",8,-1,"(White) Medium-level cloud",89,"< 20000 m","Good",16,-5,1,20
"352409","LONDON (352409)","ENGLAND","EUROPE","00:00","Wednesday","2013-03-27",81,"NNE",10,2,"(White) Medium-level cloud",76,"< 40000 m","Very good",19,-2,1,20
"352409","LONDON (352409)","ENGLAND","EUROPE","00:00","Wednesday","2013-03-27",84,"NNE",10,5,"(Black) Low-level cloud",55,"< 40000 m","Very good",23,1,3,20
"352409","LONDON (352409)","ENGLAND","EUROPE","00:00","Wednesday","2013-03-27",87,"NNE",10,5,"(Black) Low-level cloud",50,"< 40000 m","Very good",21,2,1,20
"352409","LONDON (352409)","ENGLAND","EUROPE","00:00","Wednesday","2013-03-27",90,"NNE",9,4,"(White) Medium-level cloud",62,"< 40000 m","Very good",20,0,1,20
"352409","LONDON (352409)","ENGLAND","EUROPE","00:00","Wednesday","2013-03-27",93,"NE",7,2,"(White) Medium-level cloud",76,"< 40000 m","Very good",16,-1,0,20
"352409","LONDON (352409)","ENGLAND","EUROPE","00:00","Wednesday","2013-03-27",96,"NNE",6,0,"Partly cloudy (Night)",79,"< 40000 m","Very good",13,-2,0,5
"352409","LONDON (352409)","ENGLAND","EUROPE","00:00","Wednesday","2013-03-27",99,"N",5,-1,"Partly cloudy (Night)",89,"< 20000 m","Good",11,-4,0,5
"352409","LONDON (352409)","ENGLAND","EUROPE","00:00","Wednesday","2013-03-27",102,"N",6,-2,"Sunny intervals",96,"< 20000 m","Good",11,-5,1,5
"352409","LONDON (352409)","ENGLAND","EUROPE","00:00","Wednesday","2013-03-27",105,"NE",8,2,"Sunny intervals",72,"< 40000 m","Very good",16,-2,1,5
"352409","LONDON (352409)","ENGLAND","EUROPE","00:00","Wednesday","2013-03-27",108,"ENE",10,4,"(Black) Low-level cloud",53,"< 40000 m","Very good",22,1,3,20
"352409","LONDON (352409)","ENGLAND","EUROPE","00:00","Wednesday","2013-03-27",111,"ENE",11,5,"(White) Medium-level cloud",61,"< 40000 m","Very good",23,0,2,20
"352409","LONDON (352409)","ENGLAND","EUROPE","00:00","Wednesday","2013-03-27",114,"ENE",10,3,"(White) Medium-level cloud",66,"< 40000 m","Very good",22,-1,1,20
"352409","LONDON (352409)","ENGLAND","EUROPE","00:00","Wednesday","2013-03-27",117,"ENE",8,1,"(White) Medium-level cloud",78,"< 40000 m","Very good",18,-3,0,20
"352409","LONDON (352409)","ENGLAND","EUROPE","00:00","Wednesday","2013-03-27",120,"NE",7,0,"(White) Medium-level cloud",87,"< 20000 m","Good",16,-4,0,20
