{"Weather":
	[
		{
			"Site Code": "352409",
			"Site Name": "LONDON (352409)",
			"Country": "ENGLAND",
			"Continent": "EUROPE",
			"Start Time": "12:00",
			"Day": "Wednesday",
			"Date": "2013-04-03",
			"Time Step": "0",
			"Wind Direction": "NE",
			"Wind Speed": "14",
			"Screen Temperature": "4",
			"Significant Weather": "(Black) Low-level cloud",
			"Relative Humidity": "49",
			"Visibility Range": "< 20000 m",
			"Visibility Description": "Good",
			"Wind Gust": "32",
			"Feels Like Temperature": "0",
			"UV Index": "2",
			"Precipitation Probability": "20"
		},
		{
			"Site Code": "352409",
			"Site Name": "LONDON (352409)",
			"Country": "ENGLAND",
			"Continent": "EUROPE",
			"Start Time": "12:00",
			"Day": "Wednesday",
			"Date": "2013-04-03",
			"Time Step": "3",
			"Wind Direction": "ENE",
			"Wind Speed": "17",
			"Screen Temperature": "4",
			"Significant Weather": "(White) Medium-level cloud",
			"Relative Humidity": "53",
			"Visibility Range": "< 10000 m",
			"Visibility Description": "Moderate",
			"Wind Gust": "29",
			"Feels Like Temperature": "-1",
			"UV Index": "1",
			"Precipitation Probability": "20"
		},
		{
			"Site Code": "352409",
			"Site Name": "LONDON (352409)",
			"Country": "ENGLAND",
			"Continent": "EUROPE",
			"Start Time": "12:00",
			"Day": "Wednesday",
			"Date": "2013-04-03",
			"Time Step": "6",
			"Wind Direction": "NE",
			"Wind Speed": "15",
			"Screen Temperature": "4",
			"Significant Weather": "(White) Medium-level cloud",
			"Relative Humidity": "57",
			"Visibility Range": "< 20000 m",
			"Visibility Description": "Good",
			"Wind Gust": "37",
			"Feels Like Temperature": "-1",
			"UV Index": "1",
			"Precipitation Probability": "20"
		},
		{
			"Site Code": "352409",
			"Site Name": "LONDON (352409)",
			"Country": "ENGLAND",
			"Continent": "EUROPE",
			"Start Time": "12:00",
			"Day": "Wednesday",
			"Date": "2013-04-03",
			"Time Step": "9",
			"Wind Direction": "NE",
			"Wind Speed": "13",
			"Screen Temperature": "3",
			"Significant Weather": "(White) Medium-level cloud",
			"Relative Humidity": "58",
			"Visibility Range": "< 40000 m",
			"Visibility Description": "Very good",
			"Wind Gust": "29",
			"Feels Like Temperature": "-1",
			"UV Index": "0",
			"Precipitation Probability": "20"
		},
		{
			"Site Code": "352409",
			"Site Name": "LONDON (352409)",
			"Country": "ENGLAND",
			"Continent": "EUROPE",
			"Start Time": "12:00",
			"Day": "Wednesday",
			"Date": "2013-04-03",
			"Time Step": "12",
			"Wind Direction": "NE",
			"Wind Speed": "12",
			"Screen Temperature": "2",
			"Significant Weather": "Partly cloudy (Night)",
			"Relative Humidity": "70",
			"Visibility Range": "< 40000 m",
			"Visibility Description": "Very good",
			"Wind Gust": "26",
			"Feels Like Temperature": "-3",
			"UV Index": "0",
			"Precipitation Probability": "5"
		},
		{
			"Site Code": "352409",
			"Site Name": "LONDON (352409)",
			"Country": "ENGLAND",
			"Continent": "EUROPE",
			"Start Time": "12:00",
			"Day": "Wednesday",
			"Date": "2013-04-03",
			"Time Step": "15",
			"Wind Direction": "NNE",
			"Wind Speed": "11",
			"Screen Temperature": "1",
			"Significant Weather": "(White) Medium-level cloud",
			"Relative Humidity": "79",
			"Visibility Range": "< 20000 m",
			"Visibility Description": "Good",
			"Wind Gust": "22",
			"Feels Like Temperature": "-3",
			"UV Index": "0",
			"Precipitation Probability": "20"
		},
		{
			"Site Code": "352409",
			"Site Name": "LONDON (352409)",
			"Country": "ENGLAND",
			"Continent": "EUROPE",
			"Start Time": "12:00",
			"Day": "Wednesday",
			"Date": "2013-04-03",
			"Time Step": "18",
			"Wind Direction": "NE",
			"Wind Speed": "11",
			"Screen Temperature": "1",
			"Significant Weather": "(White) Medium-level cloud",
			"Relative Humidity": "83",
			"Visibility Range": "< 20000 m",
			"Visibility Description": "Good",
			"Wind Gust": "23",
			"Feels Like Temperature": "-3",
			"UV Index": "1",
			"Precipitation Probability": "20"
		},
		{
			"Site Code": "352409",
			"Site Name": "LONDON (352409)",
			"Country": "ENGLAND",
			"Continent": "EUROPE",
			"Start Time": "12:00",
			"Day": "Wednesday",
			"Date": "2013-04-03",
			"Time Step": "21",
			"Wind Direction": "NE",
			"Wind Speed": "14",
			"Screen Temperature": "2",
			"Significant Weather": "Light snow",
			"Relative Humidity": "77",
			"Visibility Range": "< 20000 m",
			"Visibility Description": "Good",
			"Wind Gust": "29",
			"Feels Like Temperature": "-3",
			"UV Index": "1",
			"Precipitation Probability": "60"
		},
		{
			"Site Code": "352409",
			"Site Name": "LONDON (352409)",
			"Country": "ENGLAND",
			"Continent": "EUROPE",
			"Start Time": "12:00",
			"Day": "Wednesday",
			"Date": "2013-04-03",
			"Time Step": "24",
			"Wind Direction": "NE",
			"Wind Speed": "15",
			"Screen Temperature": "3",
			"Significant Weather": "Light rain",
			"Relative Humidity": "73",
			"Visibility Range": "< 20000 m",
			"Visibility Description": "Good",
			"Wind Gust": "36",
			"Feels Like Temperature": "-2",
			"UV Index": "2",
			"Precipitation Probability": "40"
		},
		{
			"Site Code": "352409",
			"Site Name": "LONDON (352409)",
			"Country": "ENGLAND",
			"Continent": "EUROPE",
			"Start Time": "12:00",
			"Day": "Wednesday",
			"Date": "2013-04-03",
			"Time Step": "27",
			"Wind Direction": "NE",
			"Wind Speed": "16",
			"Screen Temperature": "4",
			"Significant Weather": "Light rain",
			"Relative Humidity": "61",
			"Visibility Range": "< 40000 m",
			"Visibility Description": "Very good",
			"Wind Gust": "35",
			"Feels Like Temperature": "-1",
			"UV Index": "1",
			"Precipitation Probability": "40"
		},
		{
			"Site Code": "352409",
			"Site Name": "LONDON (352409)",
			"Country": "ENGLAND",
			"Continent": "EUROPE",
			"Start Time": "12:00",
			"Day": "Wednesday",
			"Date": "2013-04-03",
			"Time Step": "30",
			"Wind Direction": "NE",
			"Wind Speed": "16",
			"Screen Temperature": "3",
			"Significant Weather": "Sunny (Day)",
			"Relative Humidity": "56",
			"Visibility Range": "< 40000 m",
			"Visibility Description": "Very good",
			"Wind Gust": "35",
			"Feels Like Temperature": "-2",
			"UV Index": "1",
			"Precipitation Probability": "5"
		},
		{
			"Site Code": "352409",
			"Site Name": "LONDON (352409)",
			"Country": "ENGLAND",
			"Continent": "EUROPE",
			"Start Time": "12:00",
			"Day": "Wednesday",
			"Date": "2013-04-03",
			"Time Step": "33",
			"Wind Direction": "NE",
			"Wind Speed": "13",
			"Screen Temperature": "2",
			"Significant Weather": "Clear sky (Night)",
			"Relative Humidity": "66",
			"Visibility Range": "< 40000 m",
			"Visibility Description": "Very good",
			"Wind Gust": "28",
			"Feels Like Temperature": "-3",
			"UV Index": "0",
			"Precipitation Probability": "5"
		},
		{
			"Site Code": "352409",
			"Site Name": "LONDON (352409)",
			"Country": "ENGLAND",
			"Continent": "EUROPE",
			"Start Time": "12:00",
			"Day": "Wednesday",
			"Date": "2013-04-03",
			"Time Step": "36",
			"Wind Direction": "NNE",
			"Wind Speed": "11",
			"Screen Temperature": "1",
			"Significant Weather": "(White) Medium-level cloud",
			"Relative Humidity": "73",
			"Visibility Range": "< 40000 m",
			"Visibility Description": "Very good",
			"Wind Gust": "24",
			"Feels Like Temperature": "-4",
			"UV Index": "0",
			"Precipitation Probability": "20"
		},
		{
			"Site Code": "352409",
			"Site Name": "LONDON (352409)",
			"Country": "ENGLAND",
			"Continent": "EUROPE",
			"Start Time": "12:00",
			"Day": "Wednesday",
			"Date": "2013-04-03",
			"Time Step": "39",
			"Wind Direction": "NNE",
			"Wind Speed": "11",
			"Screen Temperature": "1",
			"Significant Weather": "(White) Medium-level cloud",
			"Relative Humidity": "79",
			"Visibility Range": "< 40000 m",
			"Visibility Description": "Very good",
			"Wind Gust": "23",
			"Feels Like Temperature": "-4",
			"UV Index": "0",
			"Precipitation Probability": "20"
		},
		{
			"Site Code": "352409",
			"Site Name": "LONDON (352409)",
			"Country": "ENGLAND",
			"Continent": "EUROPE",
			"Start Time": "12:00",
			"Day": "Wednesday",
			"Date": "2013-04-03",
			"Time Step": "42",
			"Wind Direction": "NNE",
			"Wind Speed": "11",
			"Screen Temperature": "1",
			"Significant Weather": "Sunny intervals",
			"Relative Humidity": "79",
			"Visibility Range": "< 20000 m",
			"Visibility Description": "Good",
			"Wind Gust": "23",
			"Feels Like Temperature": "-4",
			"UV Index": "1",
			"Precipitation Probability": "5"
		},
		{
			"Site Code": "352409",
			"Site Name": "LONDON (352409)",
			"Country": "ENGLAND",
			"Continent": "EUROPE",
			"Start Time": "12:00",
			"Day": "Wednesday",
			"Date": "2013-04-03",
			"Time Step": "45",
			"Wind Direction": "NE",
			"Wind Speed": "15",
			"Screen Temperature": "4",
			"Significant Weather": "Sunny intervals",
			"Relative Humidity": "61",
			"Visibility Range": "< 40000 m",
			"Visibility Description": "Very good",
			"Wind Gust": "31",
			"Feels Like Temperature": "-1",
			"UV Index": "2",
			"Precipitation Probability": "5"
		},
		{
			"Site Code": "352409",
			"Site Name": "LONDON (352409)",
			"Country": "ENGLAND",
			"Continent": "EUROPE",
			"Start Time": "12:00",
			"Day": "Wednesday",
			"Date": "2013-04-03",
			"Time Step": "48",
			"Wind Direction": "NE",
			"Wind Speed": "15",
			"Screen Temperature": "7",
			"Significant Weather": "(White) Medium-level cloud",
			"Relative Humidity": "44",
			"Visibility Range": "< 40000 m",
			"Visibility Description": "Very good",
			"Wind Gust": "32",
			"Feels Like Temperature": "3",
			"UV Index": "3",
			"Precipitation Probability": "5"
		},
		{
			"Site Code": "352409",
			"Site Name": "LONDON (352409)",
			"Country": "ENGLAND",
			"Continent": "EUROPE",
			"Start Time": "12:00",
			"Day": "Wednesday",
			"Date": "2013-04-03",
			"Time Step": "51",
			"Wind Direction": "NE",
			"Wind Speed": "14",
			"Screen Temperature": "8",
			"Significant Weather": "(White) Medium-level cloud",
			"Relative Humidity": "38",
			"Visibility Range": "< 40000 m",
			"Visibility Description": "Very good",
			"Wind Gust": "29",
			"Feels Like Temperature": "5",
			"UV Index": "1",
			"Precipitation Probability": "20"
		},
		{
			"Site Code": "352409",
			"Site Name": "LONDON (352409)",
			"Country": "ENGLAND",
			"Continent": "EUROPE",
			"Start Time": "12:00",
			"Day": "Wednesday",
			"Date": "2013-04-03",
			"Time Step": "54",
			"Wind Direction": "NE",
			"Wind Speed": "13",
			"Screen Temperature": "6",
			"Significant Weather": "Sunny intervals",
			"Relative Humidity": "43",
			"Visibility Range": "< 40000 m",
			"Visibility Description": "Very good",
			"Wind Gust": "28",
			"Feels Like Temperature": "3",
			"UV Index": "1",
			"Precipitation Probability": "5"
		},
		{
			"Site Code": "352409",
			"Site Name": "LONDON (352409)",
			"Country": "ENGLAND",
			"Continent": "EUROPE",
			"Start Time": "12:00",
			"Day": "Wednesday",
			"Date": "2013-04-03",
			"Time Step": "57",
			"Wind Direction": "NNE",
			"Wind Speed": "12",
			"Screen Temperature": "3",
			"Significant Weather": "Clear sky (Night)",
			"Relative Humidity": "61",
			"Visibility Range": "< 40000 m",
			"Visibility Description": "Very good",
			"Wind Gust": "24",
			"Feels Like Temperature": "0",
			"UV Index": "0",
			"Precipitation Probability": "5"
		},
		{
			"Site Code": "352409",
			"Site Name": "LONDON (352409)",
			"Country": "ENGLAND",
			"Continent": "EUROPE",
			"Start Time": "12:00",
			"Day": "Wednesday",
			"Date": "2013-04-03",
			"Time Step": "60",
			"Wind Direction": "NNE",
			"Wind Speed": "8",
			"Screen Temperature": "1",
			"Significant Weather": "Clear sky (Night)",
			"Relative Humidity": "83",
			"Visibility Range": "< 40000 m",
			"Visibility Description": "Very good",
			"Wind Gust": "19",
			"Feels Like Temperature": "-2",
			"UV Index": "0",
			"Precipitation Probability": "5"
		},
		{
			"Site Code": "352409",
			"Site Name": "LONDON (352409)",
			"Country": "ENGLAND",
			"Continent": "EUROPE",
			"Start Time": "12:00",
			"Day": "Wednesday",
			"Date": "2013-04-03",
			"Time Step": "63",
			"Wind Direction": "NNE",
			"Wind Speed": "8",
			"Screen Temperature": "1",
			"Significant Weather": "Partly cloudy (Night)",
			"Relative Humidity": "90",
			"Visibility Range": "< 20000 m",
			"Visibility Description": "Good",
			"Wind Gust": "16",
			"Feels Like Temperature": "-2",
			"UV Index": "0",
			"Precipitation Probability": "5"
		},
		{
			"Site Code": "352409",
			"Site Name": "LONDON (352409)",
			"Country": "ENGLAND",
			"Continent": "EUROPE",
			"Start Time": "12:00",
			"Day": "Wednesday",
			"Date": "2013-04-03",
			"Time Step": "66",
			"Wind Direction": "N",
			"Wind Speed": "8",
			"Screen Temperature": "1",
			"Significant Weather": "Sunny intervals",
			"Relative Humidity": "92",
			"Visibility Range": "< 20000 m",
			"Visibility Description": "Good",
			"Wind Gust": "16",
			"Feels Like Temperature": "-3",
			"UV Index": "1",
			"Precipitation Probability": "5"
		},
		{
			"Site Code": "352409",
			"Site Name": "LONDON (352409)",
			"Country": "ENGLAND",
			"Continent": "EUROPE",
			"Start Time": "12:00",
			"Day": "Wednesday",
			"Date": "2013-04-03",
			"Time Step": "69",
			"Wind Direction": "NNE",
			"Wind Speed": "9",
			"Screen Temperature": "4",
			"Significant Weather": "Sunny intervals",
			"Relative Humidity": "73",
			"Visibility Range": "< 40000 m",
			"Visibility Description": "Very good",
			"Wind Gust": "16",
			"Feels Like Temperature": "0",
			"UV Index": "2",
			"Precipitation Probability": "5"
		},
		{
			"Site Code": "352409",
			"Site Name": "LONDON (352409)",
			"Country": "ENGLAND",
			"Continent": "EUROPE",
			"Start Time": "12:00",
			"Day": "Wednesday",
			"Date": "2013-04-03",
			"Time Step": "72",
			"Wind Direction": "NNE",
			"Wind Speed": "8",
			"Screen Temperature": "7",
			"Significant Weather": "Sunny intervals",
			"Relative Humidity": "49",
			"Visibility Range": "< 40000 m",
			"Visibility Description": "Very good",
			"Wind Gust": "20",
			"Feels Like Temperature": "5",
			"UV Index": "3",
			"Precipitation Probability": "5"
		},
		{
			"Site Code": "352409",
			"Site Name": "LONDON (352409)",
			"Country": "ENGLAND",
			"Continent": "EUROPE",
			"Start Time": "12:00",
			"Day": "Wednesday",
			"Date": "2013-04-03",
			"Time Step": "75",
			"Wind Direction": "NNE",
			"Wind Speed": "8",
			"Screen Temperature": "9",
			"Significant Weather": "Sunny intervals",
			"Relative Humidity": "43",
			"Visibility Range": "< 40000 m",
			"Visibility Description": "Very good",
			"Wind Gust": "17",
			"Feels Like Temperature": "7",
			"UV Index": "2",
			"Precipitation Probability": "5"
		},
		{
			"Site Code": "352409",
			"Site Name": "LONDON (352409)",
			"Country": "ENGLAND",
			"Continent": "EUROPE",
			"Start Time": "12:00",
			"Day": "Wednesday",
			"Date": "2013-04-03",
			"Time Step": "78",
			"Wind Direction": "NE",
			"Wind Speed": "7",
			"Screen Temperature": "8",
			"Significant Weather": "Sunny intervals",
			"Relative Humidity": "49",
			"Visibility Range": "< 40000 m",
			"Visibility Description": "Very good",
			"Wind Gust": "18",
			"Feels Like Temperature": "6",
			"UV Index": "1",
			"Precipitation Probability": "5"
		},
		{
			"Site Code": "352409",
			"Site Name": "LONDON (352409)",
			"Country": "ENGLAND",
			"Continent": "EUROPE",
			"Start Time": "12:00",
			"Day": "Wednesday",
			"Date": "2013-04-03",
			"Time Step": "81",
			"Wind Direction": "E",
			"Wind Speed": "5",
			"Screen Temperature": "4",
			"Significant Weather": "Clear sky (Night)",
			"Relative Humidity": "57",
			"Visibility Range": "< 40000 m",
			"Visibility Description": "Very good",
			"Wind Gust": "11",
			"Feels Like Temperature": "4",
			"UV Index": "0",
			"Precipitation Probability": "5"
		},
		{
			"Site Code": "352409",
			"Site Name": "LONDON (352409)",
			"Country": "ENGLAND",
			"Continent": "EUROPE",
			"Start Time": "12:00",
			"Day": "Wednesday",
			"Date": "2013-04-03",
			"Time Step": "84",
			"Wind Direction": "SE",
			"Wind Speed": "4",
			"Screen Temperature": "2",
			"Significant Weather": "Partly cloudy (Night)",
			"Relative Humidity": "65",
			"Visibility Range": "< 40000 m",
			"Visibility Description": "Very good",
			"Wind Gust": "8",
			"Feels Like Temperature": "3",
			"UV Index": "0",
			"Precipitation Probability": "5"
		},
		{
			"Site Code": "352409",
			"Site Name": "LONDON (352409)",
			"Country": "ENGLAND",
			"Continent": "EUROPE",
			"Start Time": "12:00",
			"Day": "Wednesday",
			"Date": "2013-04-03",
			"Time Step": "87",
			"Wind Direction": "SSE",
			"Wind Speed": "3",
			"Screen Temperature": "1",
			"Significant Weather": "Partly cloudy (Night)",
			"Relative Humidity": "74",
			"Visibility Range": "< 40000 m",
			"Visibility Description": "Very good",
			"Wind Gust": "4",
			"Feels Like Temperature": "1",
			"UV Index": "0",
			"Precipitation Probability": "5"
		},
		{
			"Site Code": "352409",
			"Site Name": "LONDON (352409)",
			"Country": "ENGLAND",
			"Continent": "EUROPE",
			"Start Time": "12:00",
			"Day": "Wednesday",
			"Date": "2013-04-03",
			"Time Step": "90",
			"Wind Direction": "SSE",
			"Wind Speed": "3",
			"Screen Temperature": "0",
			"Significant Weather": "Sunny intervals",
			"Relative Humidity": "81",
			"Visibility Range": "< 40000 m",
			"Visibility Description": "Very good",
			"Wind Gust": "6",
			"Feels Like Temperature": "-1",
			"UV Index": "1",
			"Precipitation Probability": "5"
		},
		{
			"Site Code": "352409",
			"Site Name": "LONDON (352409)",
			"Country": "ENGLAND",
			"Continent": "EUROPE",
			"Start Time": "12:00",
			"Day": "Wednesday",
			"Date": "2013-04-03",
			"Time Step": "93",
			"Wind Direction": "SSE",
			"Wind Speed": "5",
			"Screen Temperature": "4",
			"Significant Weather": "Sunny intervals",
			"Relative Humidity": "68",
			"Visibility Range": "< 40000 m",
			"Visibility Description": "Very good",
			"Wind Gust": "9",
			"Feels Like Temperature": "2",
			"UV Index": "2",
			"Precipitation Probability": "5"
		},
		{
			"Site Code": "352409",
			"Site Name": "LONDON (352409)",
			"Country": "ENGLAND",
			"Continent": "EUROPE",
			"Start Time": "12:00",
			"Day": "Wednesday",
			"Date": "2013-04-03",
			"Time Step": "96",
			"Wind Direction": "SE",
			"Wind Speed": "7",
			"Screen Temperature": "8",
			"Significant Weather": "(White) Medium-level cloud",
			"Relative Humidity": "47",
			"Visibility Range": "< 40000 m",
			"Visibility Description": "Very good",
			"Wind Gust": "16",
			"Feels Like Temperature": "6",
			"UV Index": "3",
			"Precipitation Probability": "5"
		},
		{
			"Site Code": "352409",
			"Site Name": "LONDON (352409)",
			"Country": "ENGLAND",
			"Continent": "EUROPE",
			"Start Time": "12:00",
			"Day": "Wednesday",
			"Date": "2013-04-03",
			"Time Step": "99",
			"Wind Direction": "SE",
			"Wind Speed": "7",
			"Screen Temperature": "9",
			"Significant Weather": "(White) Medium-level cloud",
			"Relative Humidity": "43",
			"Visibility Range": "< 40000 m",
			"Visibility Description": "Very good",
			"Wind Gust": "17",
			"Feels Like Temperature": "8",
			"UV Index": "1",
			"Precipitation Probability": "5"
		},
		{
			"Site Code": "352409",
			"Site Name": "LONDON (352409)",
			"Country": "ENGLAND",
			"Continent": "EUROPE",
			"Start Time": "12:00",
			"Day": "Wednesday",
			"Date": "2013-04-03",
			"Time Step": "102",
			"Wind Direction": "ESE",
			"Wind Speed": "8",
			"Screen Temperature": "8",
			"Significant Weather": "(White) Medium-level cloud",
			"Relative Humidity": "50",
			"Visibility Range": "< 40000 m",
			"Visibility Description": "Very good",
			"Wind Gust": "19",
			"Feels Like Temperature": "6",
			"UV Index": "1",
			"Precipitation Probability": "5"
		},
		{
			"Site Code": "352409",
			"Site Name": "LONDON (352409)",
			"Country": "ENGLAND",
			"Continent": "EUROPE",
			"Start Time": "12:00",
			"Day": "Wednesday",
			"Date": "2013-04-03",
			"Time Step": "105",
			"Wind Direction": "ESE",
			"Wind Speed": "8",
			"Screen Temperature": "5",
			"Significant Weather": "(White) Medium-level cloud",
			"Relative Humidity": "67",
			"Visibility Range": "< 40000 m",
			"Visibility Description": "Very good",
			"Wind Gust": "17",
			"Feels Like Temperature": "2",
			"UV Index": "0",
			"Precipitation Probability": "20"
		},
		{
			"Site Code": "352409",
			"Site Name": "LONDON (352409)",
			"Country": "ENGLAND",
			"Continent": "EUROPE",
			"Start Time": "12:00",
			"Day": "Wednesday",
			"Date": "2013-04-03",
			"Time Step": "108",
			"Wind Direction": "ESE",
			"Wind Speed": "6",
			"Screen Temperature": "3",
			"Significant Weather": "(White) Medium-level cloud",
			"Relative Humidity": "78",
			"Visibility Range": "< 40000 m",
			"Visibility Description": "Very good",
			"Wind Gust": "14",
			"Feels Like Temperature": "1",
			"UV Index": "0",
			"Precipitation Probability": "20"
		},
		{
			"Site Code": "352409",
			"Site Name": "LONDON (352409)",
			"Country": "ENGLAND",
			"Continent": "EUROPE",
			"Start Time": "12:00",
			"Day": "Wednesday",
			"Date": "2013-04-03",
			"Time Step": "111",
			"Wind Direction": "ESE",
			"Wind Speed": "8",
			"Screen Temperature": "2",
			"Significant Weather": "(White) Medium-level cloud",
			"Relative Humidity": "85",
			"Visibility Range": "< 40000 m",
			"Visibility Description": "Very good",
			"Wind Gust": "15",
			"Feels Like Temperature": "-1",
			"UV Index": "0",
			"Precipitation Probability": "20"
		},
		{
			"Site Code": "352409",
			"Site Name": "LONDON (352409)",
			"Country": "ENGLAND",
			"Continent": "EUROPE",
			"Start Time": "12:00",
			"Day": "Wednesday",
			"Date": "2013-04-03",
			"Time Step": "114",
			"Wind Direction": "ESE",
			"Wind Speed": "8",
			"Screen Temperature": "2",
			"Significant Weather": "(White) Medium-level cloud",
			"Relative Humidity": "85",
			"Visibility Range": "< 40000 m",
			"Visibility Description": "Very good",
			"Wind Gust": "16",
			"Feels Like Temperature": "-1",
			"UV Index": "1",
			"Precipitation Probability": "20"
		},
		{
			"Site Code": "352409",
			"Site Name": "LONDON (352409)",
			"Country": "ENGLAND",
			"Continent": "EUROPE",
			"Start Time": "12:00",
			"Day": "Wednesday",
			"Date": "2013-04-03",
			"Time Step": "117",
			"Wind Direction": "SE",
			"Wind Speed": "10",
			"Screen Temperature": "6",
			"Significant Weather": "(White) Medium-level cloud",
			"Relative Humidity": "68",
			"Visibility Range": "< 40000 m",
			"Visibility Description": "Very good",
			"Wind Gust": "20",
			"Feels Like Temperature": "3",
			"UV Index": "1",
			"Precipitation Probability": "20"
		},
		{
			"Site Code": "352409",
			"Site Name": "LONDON (352409)",
			"Country": "ENGLAND",
			"Continent": "EUROPE",
			"Start Time": "12:00",
			"Day": "Wednesday",
			"Date": "2013-04-03",
			"Time Step": "120",
			"Wind Direction": "SSE",
			"Wind Speed": "12",
			"Screen Temperature": "9",
			"Significant Weather": "(White) Medium-level cloud",
			"Relative Humidity": "54",
			"Visibility Range": "< 40000 m",
			"Visibility Description": "Very good",
			"Wind Gust": "26",
			"Feels Like Temperature": "6",
			"UV Index": "3",
			"Precipitation Probability": "20"
		}
	]
}